"HITId","HITTypeId","Title","Description","Keywords","Reward","CreationTime","MaxAssignments","RequesterAnnotation","AssignmentDurationInSeconds","AutoApprovalDelayInSeconds","Expiration","NumberOfSimilarHITs","LifetimeInSeconds","AssignmentId","WorkerId","AssignmentStatus","AcceptTime","SubmitTime","AutoApprovalTime","ApprovalTime","RejectionTime","RequesterFeedback","WorkTimeInSeconds","LifetimeApprovalRate","Last30DaysApprovalRate","Last7DaysApprovalRate","Input.C1","Answer.category.label","Approve","Reject"
"3NCN4N1H1GDOVULMTYWUVMA36CHBNJ","3OT7QPGUONVUGYHKVRFIB61LMVWIVU","classify Romanian noun compounds by meaning relations","Label each noun compound with one semantic relation (meaning) from the list in Romanian","categorize, text, Romanian, language","$0.19","Mon Sep 27 11:38:39 PDT 2021","2","BatchId:4564448;OriginalHitTemplateId:928390873;","5400","432000","Fri Oct 01 11:38:39 PDT 2021","","","3QAPZX2QN59T85RC016N717AACD02Z","A1DXFMUVK5015A","Approved","Wed Sep 29 22:49:49 PDT 2021","Wed Sep 29 22:50:21 PDT 2021","Mon Oct 04 22:50:21 PDT 2021","Mon Oct 04 22:50:28 PDT 2021","","","32","100% (759/759)","100% (759/759)","0% (0/0)","ministrul_Afacerilor","Entitate + scopul ei"
"3NCN4N1H1GDOVULMTYWUVMA36CHBNJ","3OT7QPGUONVUGYHKVRFIB61LMVWIVU","classify Romanian noun compounds by meaning relations","Label each noun compound with one semantic relation (meaning) from the list in Romanian","categorize, text, Romanian, language","$0.19","Mon Sep 27 11:38:39 PDT 2021","2","BatchId:4564448;OriginalHitTemplateId:928390873;","5400","432000","Fri Oct 01 11:38:39 PDT 2021","","","37FMASSAYDNY3D8ONKO4EYAAQ0DBIP","AKLZPOBB3YA33","Approved","Wed Sep 29 02:58:27 PDT 2021","Wed Sep 29 02:59:07 PDT 2021","Mon Oct 04 02:59:07 PDT 2021","Mon Oct 04 03:00:02 PDT 2021","","","40","100% (730/730)","100% (730/730)","0% (0/0)","ministrul_Afacerilor","Nicio varianta de mai sus"
"3ZCC2DXSD70EK1IBASJPKD6BV52YYA","3OT7QPGUONVUGYHKVRFIB61LMVWIVU","classify Romanian noun compounds by meaning relations","Label each noun compound with one semantic relation (meaning) from the list in Romanian","categorize, text, Romanian, language","$0.19","Mon Sep 27 11:38:39 PDT 2021","2","BatchId:4564448;OriginalHitTemplateId:928390873;","5400","432000","Fri Oct 01 11:38:39 PDT 2021","","","3PEIJLRY6UPNHBVUHXK14MAAOEGWX7","A1DXFMUVK5015A","Approved","Wed Sep 29 00:22:58 PDT 2021","Wed Sep 29 00:23:14 PDT 2021","Mon Oct 04 00:23:14 PDT 2021","Mon Oct 04 00:24:00 PDT 2021","","","16","100% (759/759)","100% (759/759)","0% (0/0)","experiență_în_domeniu","Nicio varianta de mai sus"
"3ZCC2DXSD70EK1IBASJPKD6BV52YYA","3OT7QPGUONVUGYHKVRFIB61LMVWIVU","classify Romanian noun compounds by meaning relations","Label each noun compound with one semantic relation (meaning) from the list in Romanian","categorize, text, Romanian, language","$0.19","Mon Sep 27 11:38:39 PDT 2021","2","BatchId:4564448;OriginalHitTemplateId:928390873;","5400","432000","Fri Oct 01 11:38:39 PDT 2021","","","33IZTU6J82XUAUELXSA07X7PI3TSX1","A3UJD7YC17R990","Approved","Wed Sep 29 08:04:38 PDT 2021","Wed Sep 29 08:05:10 PDT 2021","Mon Oct 04 08:05:10 PDT 2021","Mon Oct 04 08:06:09 PDT 2021","","","32","100% (328/328)","100% (328/328)","0% (0/0)","experiență_în_domeniu","Substantive provenite din verbe + substantive asupra carora se actioneaza"
"3WA2XVDZEMDEVCRE48C3UJU2EJ56E4","3OT7QPGUONVUGYHKVRFIB61LMVWIVU","classify Romanian noun compounds by meaning relations","Label each noun compound with one semantic relation (meaning) from the list in Romanian","categorize, text, Romanian, language","$0.19","Mon Sep 27 11:38:39 PDT 2021","2","BatchId:4564448;OriginalHitTemplateId:928390873;","5400","432000","Fri Oct 01 11:38:39 PDT 2021","","","3S4AW7T80CEG8FVLT8BUY0WWXOM4LA","A1DXFMUVK5015A","Approved","Wed Sep 29 23:10:00 PDT 2021","Wed Sep 29 23:10:53 PDT 2021","Mon Oct 04 23:10:53 PDT 2021","Mon Oct 04 23:11:28 PDT 2021","","","53","100% (759/759)","100% (759/759)","0% (0/0)","fața_de_schelet","Nicio varianta de mai sus"
"3WA2XVDZEMDEVCRE48C3UJU2EJ56E4","3OT7QPGUONVUGYHKVRFIB61LMVWIVU","classify Romanian noun compounds by meaning relations","Label each noun compound with one semantic relation (meaning) from the list in Romanian","categorize, text, Romanian, language","$0.19","Mon Sep 27 11:38:39 PDT 2021","2","BatchId:4564448;OriginalHitTemplateId:928390873;","5400","432000","Fri Oct 01 11:38:39 PDT 2021","","","3634BBTX0PQOGUK4SMA0XO1V5A5FIZ","A3UJD7YC17R990","Approved","Wed Sep 29 23:57:07 PDT 2021","Wed Sep 29 23:57:51 PDT 2021","Mon Oct 04 23:57:51 PDT 2021","Mon Oct 04 23:58:28 PDT 2021","","","44","100% (328/328)","100% (328/328)","0% (0/0)","fața_de_schelet","Entitate + atribut al entitatii"
"3HFWPF5AK9FG8C9EM1YACXMX5JC3SW","3OT7QPGUONVUGYHKVRFIB61LMVWIVU","classify Romanian noun compounds by meaning relations","Label each noun compound with one semantic relation (meaning) from the list in Romanian","categorize, text, Romanian, language","$0.19","Mon Sep 27 11:38:39 PDT 2021","2","BatchId:4564448;OriginalHitTemplateId:928390873;","5400","432000","Fri Oct 01 11:38:39 PDT 2021","","","3XIQGXAUMD48RWUT9PCPC6BTVQM7X1","A3UJD7YC17R990","Approved","Wed Sep 29 10:58:19 PDT 2021","Wed Sep 29 10:58:37 PDT 2021","Mon Oct 04 10:58:37 PDT 2021","Mon Oct 04 10:59:11 PDT 2021","","","18","100% (328/328)","100% (328/328)","0% (0/0)","inhibarea_focarului","Ce/cine este cauza + rezultat"
"3HFWPF5AK9FG8C9EM1YACXMX5JC3SW","3OT7QPGUONVUGYHKVRFIB61LMVWIVU","classify Romanian noun compounds by meaning relations","Label each noun compound with one semantic relation (meaning) from the list in Romanian","categorize, text, Romanian, language","$0.19","Mon Sep 27 11:38:39 PDT 2021","2","BatchId:4564448;OriginalHitTemplateId:928390873;","5400","432000","Fri Oct 01 11:38:39 PDT 2021","","","3ATPCQ38J96FA3I1LOAB5BKSY3SAY5","AKLZPOBB3YA33","Approved","Wed Sep 29 08:52:16 PDT 2021","Wed Sep 29 08:52:31 PDT 2021","Mon Oct 04 08:52:31 PDT 2021","Mon Oct 04 08:53:11 PDT 2021","","","15","100% (730/730)","100% (730/730)","0% (0/0)","inhibarea_focarului","Proces + scopul procesului/entitatea care sufera procesul"
"3HXCEECSQMPEPRSG6EL8YKFD1Z6YZ1","3OT7QPGUONVUGYHKVRFIB61LMVWIVU","classify Romanian noun compounds by meaning relations","Label each noun compound with one semantic relation (meaning) from the list in Romanian","categorize, text, Romanian, language","$0.19","Mon Sep 27 11:38:39 PDT 2021","2","BatchId:4564448;OriginalHitTemplateId:928390873;","5400","432000","Fri Oct 01 11:38:39 PDT 2021","","","3LOZAJ85YE915VXN3DVUGFULKKQX2L","A2IMYZYM05TXG7","Approved","Thu Sep 30 03:19:50 PDT 2021","Thu Sep 30 03:19:55 PDT 2021","Tue Oct 05 03:19:55 PDT 2021","Tue Oct 05 03:20:31 PDT 2021","","","5","100% (23/23)","100% (23/23)","0% (0/0)","efectul_tratamentului","Ce/cine este cauza + rezultat"
"3HXCEECSQMPEPRSG6EL8YKFD1Z6YZ1","3OT7QPGUONVUGYHKVRFIB61LMVWIVU","classify Romanian noun compounds by meaning relations","Label each noun compound with one semantic relation (meaning) from the list in Romanian","categorize, text, Romanian, language","$0.19","Mon Sep 27 11:38:39 PDT 2021","2","BatchId:4564448;OriginalHitTemplateId:928390873;","5400","432000","Fri Oct 01 11:38:39 PDT 2021","","","3GDTJDAPVV71XY085N2MFPRQZFC8MR","AKLZPOBB3YA33","Approved","Wed Sep 29 23:57:32 PDT 2021","Thu Sep 30 00:36:23 PDT 2021","Tue Oct 05 00:36:23 PDT 2021","Tue Oct 05 00:36:30 PDT 2021","","","2331","100% (730/730)","100% (730/730)","0% (0/0)","efectul_tratamentului","Entitate + scopul ei"
"3E6L1VR4XWI61QRAZJW9C1F2QKK6FM","3OT7QPGUONVUGYHKVRFIB61LMVWIVU","classify Romanian noun compounds by meaning relations","Label each noun compound with one semantic relation (meaning) from the list in Romanian","categorize, text, Romanian, language","$0.19","Mon Sep 27 11:38:39 PDT 2021","2","BatchId:4564448;OriginalHitTemplateId:928390873;","5400","432000","Fri Oct 01 11:38:39 PDT 2021","","","3VP0C6EFSHSETKHKC85OVBVZUWF6ML","A3UJD7YC17R990","Approved","Fri Oct 01 07:56:21 PDT 2021","Fri Oct 01 07:56:32 PDT 2021","Wed Oct 06 07:56:32 PDT 2021","Wed Oct 06 07:57:11 PDT 2021","","","11","100% (328/328)","100% (328/328)","0% (0/0)","capacitatea_Comunității","Entitate + scopul ei"
"3E6L1VR4XWI61QRAZJW9C1F2QKK6FM","3OT7QPGUONVUGYHKVRFIB61LMVWIVU","classify Romanian noun compounds by meaning relations","Label each noun compound with one semantic relation (meaning) from the list in Romanian","categorize, text, Romanian, language","$0.19","Mon Sep 27 11:38:39 PDT 2021","2","BatchId:4564448;OriginalHitTemplateId:928390873;","5400","432000","Fri Oct 01 11:38:39 PDT 2021","","","3N2BF7Y2VRQUQ9118RWSS2KP2YJMH1","AKLZPOBB3YA33","Approved","Wed Sep 29 20:58:17 PDT 2021","Wed Sep 29 20:59:59 PDT 2021","Mon Oct 04 20:59:59 PDT 2021","Mon Oct 04 21:00:22 PDT 2021","","","102","100% (730/730)","100% (730/730)","0% (0/0)","capacitatea_Comunității","Entitate + atribut al entitatii"
"341H3G5YF0AHSWWVY6AZ6SLTPMRZ01","3OT7QPGUONVUGYHKVRFIB61LMVWIVU","classify Romanian noun compounds by meaning relations","Label each noun compound with one semantic relation (meaning) from the list in Romanian","categorize, text, Romanian, language","$0.19","Mon Sep 27 11:38:40 PDT 2021","2","BatchId:4564448;OriginalHitTemplateId:928390873;","5400","432000","Fri Oct 01 11:38:40 PDT 2021","","","3QEMNNSB2YVUTQPCIPBDIZ81FH6D7J","A1DXFMUVK5015A","Approved","Wed Sep 29 22:39:57 PDT 2021","Wed Sep 29 22:40:58 PDT 2021","Mon Oct 04 22:40:58 PDT 2021","Mon Oct 04 22:41:28 PDT 2021","","","61","100% (759/759)","100% (759/759)","0% (0/0)","Numărul_de_mutații","Nicio varianta de mai sus"
"341H3G5YF0AHSWWVY6AZ6SLTPMRZ01","3OT7QPGUONVUGYHKVRFIB61LMVWIVU","classify Romanian noun compounds by meaning relations","Label each noun compound with one semantic relation (meaning) from the list in Romanian","categorize, text, Romanian, language","$0.19","Mon Sep 27 11:38:40 PDT 2021","2","BatchId:4564448;OriginalHitTemplateId:928390873;","5400","432000","Fri Oct 01 11:38:40 PDT 2021","","","3RKNTXVS3NUZCW4HWHM4PMGL3C4A4F","AKLZPOBB3YA33","Approved","Wed Sep 29 19:50:48 PDT 2021","Wed Sep 29 19:51:57 PDT 2021","Mon Oct 04 19:51:57 PDT 2021","Mon Oct 04 19:52:20 PDT 2021","","","69","100% (730/730)","100% (730/730)","0% (0/0)","Numărul_de_mutații","Entitate + atribut al entitatii"
"3APP19WN71ACFQN5A32RUMFERZK6GL","3OT7QPGUONVUGYHKVRFIB61LMVWIVU","classify Romanian noun compounds by meaning relations","Label each noun compound with one semantic relation (meaning) from the list in Romanian","categorize, text, Romanian, language","$0.19","Mon Sep 27 11:38:40 PDT 2021","2","BatchId:4564448;OriginalHitTemplateId:928390873;","5400","432000","Fri Oct 01 11:38:40 PDT 2021","","","3W92K5RLWVD103BFLHWAQ10CO5S5VI","A3VQ5NMIX4YLZI","Approved","Tue Sep 28 22:48:25 PDT 2021","Tue Sep 28 22:48:43 PDT 2021","Sun Oct 03 22:48:43 PDT 2021","Sun Oct 03 22:49:00 PDT 2021","","","18","100% (48/48)","100% (48/48)","0% (0/0)","utilizarea_de_ace","Entitate + scopul ei"
"3APP19WN71ACFQN5A32RUMFERZK6GL","3OT7QPGUONVUGYHKVRFIB61LMVWIVU","classify Romanian noun compounds by meaning relations","Label each noun compound with one semantic relation (meaning) from the list in Romanian","categorize, text, Romanian, language","$0.19","Mon Sep 27 11:38:40 PDT 2021","2","BatchId:4564448;OriginalHitTemplateId:928390873;","5400","432000","Fri Oct 01 11:38:40 PDT 2021","","","3WOKGM4L72C7FCGHNZ4KEEADBHS0OO","AKLZPOBB3YA33","Approved","Wed Sep 29 19:51:57 PDT 2021","Wed Sep 29 19:53:45 PDT 2021","Mon Oct 04 19:53:45 PDT 2021","Mon Oct 04 19:54:20 PDT 2021","","","108","100% (730/730)","100% (730/730)","0% (0/0)","utilizarea_de_ace","Nicio varianta de mai sus"
"33N1S8XHHMHHZLHDUPEZKX43UEXZ14","3OT7QPGUONVUGYHKVRFIB61LMVWIVU","classify Romanian noun compounds by meaning relations","Label each noun compound with one semantic relation (meaning) from the list in Romanian","categorize, text, Romanian, language","$0.19","Mon Sep 27 11:38:40 PDT 2021","2","BatchId:4564448;OriginalHitTemplateId:928390873;","5400","432000","Fri Oct 01 11:38:40 PDT 2021","","","3LO69W1SU49WKVO5O9DV7PTZNTVGL9","A1DXFMUVK5015A","Approved","Wed Sep 29 23:16:43 PDT 2021","Wed Sep 29 23:17:20 PDT 2021","Mon Oct 04 23:17:20 PDT 2021","Mon Oct 04 23:17:28 PDT 2021","","","37","100% (759/759)","100% (759/759)","0% (0/0)","mâinile_în_trecut","Nicio varianta de mai sus"
"33N1S8XHHMHHZLHDUPEZKX43UEXZ14","3OT7QPGUONVUGYHKVRFIB61LMVWIVU","classify Romanian noun compounds by meaning relations","Label each noun compound with one semantic relation (meaning) from the list in Romanian","categorize, text, Romanian, language","$0.19","Mon Sep 27 11:38:40 PDT 2021","2","BatchId:4564448;OriginalHitTemplateId:928390873;","5400","432000","Fri Oct 01 11:38:40 PDT 2021","","","3GA6AFUKOPKT4NTR29RDW3BJ2753H5","AKLZPOBB3YA33","Approved","Wed Sep 29 21:23:01 PDT 2021","Wed Sep 29 21:23:22 PDT 2021","Mon Oct 04 21:23:22 PDT 2021","Mon Oct 04 21:24:22 PDT 2021","","","21","100% (730/730)","100% (730/730)","0% (0/0)","mâinile_în_trecut","Nicio varianta de mai sus"
"3B6F54KMR28KY9VZZXKRO4707ZY1S2","3OT7QPGUONVUGYHKVRFIB61LMVWIVU","classify Romanian noun compounds by meaning relations","Label each noun compound with one semantic relation (meaning) from the list in Romanian","categorize, text, Romanian, language","$0.19","Mon Sep 27 11:38:40 PDT 2021","2","BatchId:4564448;OriginalHitTemplateId:928390873;","5400","432000","Fri Oct 01 11:38:40 PDT 2021","","","3VAR3R6G1QXPX1LKI3HZ7TGVU3GO8N","A1DXFMUVK5015A","Approved","Wed Sep 29 01:26:11 PDT 2021","Wed Sep 29 01:27:27 PDT 2021","Mon Oct 04 01:27:27 PDT 2021","Mon Oct 04 01:28:01 PDT 2021","","","76","100% (759/759)","100% (759/759)","0% (0/0)","inițierea_tratamentului","Proces + scopul procesului/entitatea care sufera procesul"
"3B6F54KMR28KY9VZZXKRO4707ZY1S2","3OT7QPGUONVUGYHKVRFIB61LMVWIVU","classify Romanian noun compounds by meaning relations","Label each noun compound with one semantic relation (meaning) from the list in Romanian","categorize, text, Romanian, language","$0.19","Mon Sep 27 11:38:40 PDT 2021","2","BatchId:4564448;OriginalHitTemplateId:928390873;","5400","432000","Fri Oct 01 11:38:40 PDT 2021","","","33PPO7FECWBRIA681GFA9OYATLPDIY","AKLZPOBB3YA33","Approved","Wed Sep 29 03:03:23 PDT 2021","Wed Sep 29 03:04:00 PDT 2021","Mon Oct 04 03:04:00 PDT 2021","Mon Oct 04 03:04:02 PDT 2021","","","37","100% (730/730)","100% (730/730)","0% (0/0)","inițierea_tratamentului","Proces + scopul procesului/entitatea care sufera procesul"
"3P7QK0GJ3THOO6Z9DTEDPGE8MKBZ2L","3OT7QPGUONVUGYHKVRFIB61LMVWIVU","classify Romanian noun compounds by meaning relations","Label each noun compound with one semantic relation (meaning) from the list in Romanian","categorize, text, Romanian, language","$0.19","Mon Sep 27 11:38:40 PDT 2021","2","BatchId:4564448;OriginalHitTemplateId:928390873;","5400","432000","Fri Oct 01 11:38:40 PDT 2021","","","3TMSXRD2X7WFRAA1A4ZU9D69JZA1WT","A1DXFMUVK5015A","Approved","Wed Sep 29 01:29:26 PDT 2021","Wed Sep 29 01:30:44 PDT 2021","Mon Oct 04 01:30:44 PDT 2021","Mon Oct 04 01:31:01 PDT 2021","","","78","100% (759/759)","100% (759/759)","0% (0/0)","motive_de_economie","Nicio varianta de mai sus"
"3P7QK0GJ3THOO6Z9DTEDPGE8MKBZ2L","3OT7QPGUONVUGYHKVRFIB61LMVWIVU","classify Romanian noun compounds by meaning relations","Label each noun compound with one semantic relation (meaning) from the list in Romanian","categorize, text, Romanian, language","$0.19","Mon Sep 27 11:38:40 PDT 2021","2","BatchId:4564448;OriginalHitTemplateId:928390873;","5400","432000","Fri Oct 01 11:38:40 PDT 2021","","","3WI0P0II62O4B99RR39JNGZ1GKQRD4","A3UJD7YC17R990","Approved","Wed Sep 29 10:05:57 PDT 2021","Wed Sep 29 10:06:22 PDT 2021","Mon Oct 04 10:06:22 PDT 2021","Mon Oct 04 10:07:11 PDT 2021","","","25","100% (328/328)","100% (328/328)","0% (0/0)","motive_de_economie","Ce/cine este cauza + rezultat"
"3BJKPTD2QC896E7VMR4W40LZDG5TRE","3OT7QPGUONVUGYHKVRFIB61LMVWIVU","classify Romanian noun compounds by meaning relations","Label each noun compound with one semantic relation (meaning) from the list in Romanian","categorize, text, Romanian, language","$0.19","Mon Sep 27 11:38:40 PDT 2021","2","BatchId:4564448;OriginalHitTemplateId:928390873;","5400","432000","Fri Oct 01 11:38:40 PDT 2021","","","3EWIJTFFVP3L3L3STL1O92GZ7F10EZ","A1DXFMUVK5015A","Approved","Wed Sep 29 22:34:54 PDT 2021","Wed Sep 29 22:34:59 PDT 2021","Mon Oct 04 22:34:59 PDT 2021","Mon Oct 04 22:35:24 PDT 2021","","","5","100% (759/759)","100% (759/759)","0% (0/0)","Efectul_bosentanului","Nicio varianta de mai sus"
"3BJKPTD2QC896E7VMR4W40LZDG5TRE","3OT7QPGUONVUGYHKVRFIB61LMVWIVU","classify Romanian noun compounds by meaning relations","Label each noun compound with one semantic relation (meaning) from the list in Romanian","categorize, text, Romanian, language","$0.19","Mon Sep 27 11:38:40 PDT 2021","2","BatchId:4564448;OriginalHitTemplateId:928390873;","5400","432000","Fri Oct 01 11:38:40 PDT 2021","","","3MB8LZR5BGP1MHKOE0YA5HLSUAKKLO","AKLZPOBB3YA33","Approved","Thu Sep 30 00:41:44 PDT 2021","Thu Sep 30 00:50:32 PDT 2021","Tue Oct 05 00:50:32 PDT 2021","Tue Oct 05 00:51:28 PDT 2021","","","528","100% (730/730)","100% (730/730)","0% (0/0)","Efectul_bosentanului","Entitate/proces/rezultat + cauza/sursa"
"3CESM1J3EIZ8CCD5P869GP12LN9W69","3OT7QPGUONVUGYHKVRFIB61LMVWIVU","classify Romanian noun compounds by meaning relations","Label each noun compound with one semantic relation (meaning) from the list in Romanian","categorize, text, Romanian, language","$0.19","Mon Sep 27 11:38:40 PDT 2021","2","BatchId:4564448;OriginalHitTemplateId:928390873;","5400","432000","Fri Oct 01 11:38:40 PDT 2021","","","3EICBYG645SD8TK0J25Z1JVSL0JJCX","A1DXFMUVK5015A","Approved","Wed Sep 29 00:22:13 PDT 2021","Wed Sep 29 00:22:58 PDT 2021","Mon Oct 04 00:22:58 PDT 2021","Mon Oct 04 00:23:00 PDT 2021","","","45","100% (759/759)","100% (759/759)","0% (0/0)","simptome_de_insuficiență","Entitate + atribut al entitatii"
"3CESM1J3EIZ8CCD5P869GP12LN9W69","3OT7QPGUONVUGYHKVRFIB61LMVWIVU","classify Romanian noun compounds by meaning relations","Label each noun compound with one semantic relation (meaning) from the list in Romanian","categorize, text, Romanian, language","$0.19","Mon Sep 27 11:38:40 PDT 2021","2","BatchId:4564448;OriginalHitTemplateId:928390873;","5400","432000","Fri Oct 01 11:38:40 PDT 2021","","","3HWRJOOET6YL4UN42NK8J8MI2VPSEV","A2K3ARNDZAY90X","Approved","Wed Sep 29 02:37:58 PDT 2021","Wed Sep 29 02:38:09 PDT 2021","Mon Oct 04 02:38:09 PDT 2021","Mon Oct 04 02:39:02 PDT 2021","","","11","100% (106/106)","100% (106/106)","0% (0/0)","simptome_de_insuficiență","Proces + scopul procesului/entitatea care sufera procesul"
"3SBNLSTU6U1BRGXPAIYULZ5CJB1DZ9","3OT7QPGUONVUGYHKVRFIB61LMVWIVU","classify Romanian noun compounds by meaning relations","Label each noun compound with one semantic relation (meaning) from the list in Romanian","categorize, text, Romanian, language","$0.19","Mon Sep 27 11:38:40 PDT 2021","2","BatchId:4564448;OriginalHitTemplateId:928390873;","5400","432000","Fri Oct 01 11:38:40 PDT 2021","","","3YT88D1N09UK6DUZ8UUA9VRBUC83KK","A1DXFMUVK5015A","Approved","Wed Sep 29 00:28:49 PDT 2021","Wed Sep 29 00:29:20 PDT 2021","Mon Oct 04 00:29:20 PDT 2021","Mon Oct 04 00:30:00 PDT 2021","","","31","100% (759/759)","100% (759/759)","0% (0/0)","raport_asupra_rezultatului","Entitate/proces/rezultat + cauza/sursa"
"3SBNLSTU6U1BRGXPAIYULZ5CJB1DZ9","3OT7QPGUONVUGYHKVRFIB61LMVWIVU","classify Romanian noun compounds by meaning relations","Label each noun compound with one semantic relation (meaning) from the list in Romanian","categorize, text, Romanian, language","$0.19","Mon Sep 27 11:38:40 PDT 2021","2","BatchId:4564448;OriginalHitTemplateId:928390873;","5400","432000","Fri Oct 01 11:38:40 PDT 2021","","","3ZGVPD4G6UDKUPRFNA3BENJMSKETZT","AKLZPOBB3YA33","Approved","Wed Sep 29 02:59:08 PDT 2021","Wed Sep 29 02:59:28 PDT 2021","Mon Oct 04 02:59:28 PDT 2021","Mon Oct 04 03:00:02 PDT 2021","","","20","100% (730/730)","100% (730/730)","0% (0/0)","raport_asupra_rezultatului","Proces + scopul procesului/entitatea care sufera procesul"
"3ICOHX7ENC7JH15Z2JWMLIKB1GJE0B","3OT7QPGUONVUGYHKVRFIB61LMVWIVU","classify Romanian noun compounds by meaning relations","Label each noun compound with one semantic relation (meaning) from the list in Romanian","categorize, text, Romanian, language","$0.19","Mon Sep 27 11:38:40 PDT 2021","2","BatchId:4564448;OriginalHitTemplateId:928390873;","5400","432000","Fri Oct 01 11:38:40 PDT 2021","","","3QEMNNSB2YVUTQPCIPBDIZ81F55D7U","A1DXFMUVK5015A","Approved","Wed Sep 29 01:39:06 PDT 2021","Wed Sep 29 01:39:37 PDT 2021","Mon Oct 04 01:39:37 PDT 2021","Mon Oct 04 01:40:01 PDT 2021","","","31","100% (759/759)","100% (759/759)","0% (0/0)","Doza_de_tadalafil","Entitate (intreg) + substanta/material/ingredient"
"3ICOHX7ENC7JH15Z2JWMLIKB1GJE0B","3OT7QPGUONVUGYHKVRFIB61LMVWIVU","classify Romanian noun compounds by meaning relations","Label each noun compound with one semantic relation (meaning) from the list in Romanian","categorize, text, Romanian, language","$0.19","Mon Sep 27 11:38:40 PDT 2021","2","BatchId:4564448;OriginalHitTemplateId:928390873;","5400","432000","Fri Oct 01 11:38:40 PDT 2021","","","3A9AA95ATXIOVJEJZ5NBK9BU2U05PW","AKLZPOBB3YA33","Approved","Wed Sep 29 20:07:01 PDT 2021","Wed Sep 29 20:08:16 PDT 2021","Mon Oct 04 20:08:16 PDT 2021","Mon Oct 04 20:08:20 PDT 2021","","","75","100% (730/730)","100% (730/730)","0% (0/0)","Doza_de_tadalafil","Parte/membru (detasabil) + entitatea din care face parte"
"3B623HUYJ4M299FKYIT63EU8L548ST","3OT7QPGUONVUGYHKVRFIB61LMVWIVU","classify Romanian noun compounds by meaning relations","Label each noun compound with one semantic relation (meaning) from the list in Romanian","categorize, text, Romanian, language","$0.19","Mon Sep 27 11:38:40 PDT 2021","2","BatchId:4564448;OriginalHitTemplateId:928390873;","5400","432000","Fri Oct 01 11:38:40 PDT 2021","","","3EKVH9QMEZ0N7PS6CDUIM8RT41MD25","A1DXFMUVK5015A","Approved","Wed Sep 29 22:55:36 PDT 2021","Wed Sep 29 22:55:49 PDT 2021","Mon Oct 04 22:55:49 PDT 2021","Mon Oct 04 22:56:28 PDT 2021","","","13","100% (759/759)","100% (759/759)","0% (0/0)","ml_de_apă","Nicio varianta de mai sus"
"3B623HUYJ4M299FKYIT63EU8L548ST","3OT7QPGUONVUGYHKVRFIB61LMVWIVU","classify Romanian noun compounds by meaning relations","Label each noun compound with one semantic relation (meaning) from the list in Romanian","categorize, text, Romanian, language","$0.19","Mon Sep 27 11:38:40 PDT 2021","2","BatchId:4564448;OriginalHitTemplateId:928390873;","5400","432000","Fri Oct 01 11:38:40 PDT 2021","","","30OG32W0SV7OOHVZUR3MKECCFWBENZ","A3VQ5NMIX4YLZI","Approved","Wed Sep 29 01:41:59 PDT 2021","Wed Sep 29 01:42:06 PDT 2021","Mon Oct 04 01:42:06 PDT 2021","Mon Oct 04 01:43:01 PDT 2021","","","7","100% (48/48)","100% (48/48)","0% (0/0)","ml_de_apă","Entitate + scopul ei"
"371QPA24C2KLD98EOXPHY93M9IC1TR","3OT7QPGUONVUGYHKVRFIB61LMVWIVU","classify Romanian noun compounds by meaning relations","Label each noun compound with one semantic relation (meaning) from the list in Romanian","categorize, text, Romanian, language","$0.19","Mon Sep 27 11:38:40 PDT 2021","2","BatchId:4564448;OriginalHitTemplateId:928390873;","5400","432000","Fri Oct 01 11:38:40 PDT 2021","","","34QN5IT0T0N4UKT1GIFOHSKDW0208B","A1DXFMUVK5015A","Approved","Wed Sep 29 01:37:19 PDT 2021","Wed Sep 29 01:37:39 PDT 2021","Mon Oct 04 01:37:39 PDT 2021","Mon Oct 04 01:38:02 PDT 2021","","","20","100% (759/759)","100% (759/759)","0% (0/0)","Piața_Unirii","Nicio varianta de mai sus"
"371QPA24C2KLD98EOXPHY93M9IC1TR","3OT7QPGUONVUGYHKVRFIB61LMVWIVU","classify Romanian noun compounds by meaning relations","Label each noun compound with one semantic relation (meaning) from the list in Romanian","categorize, text, Romanian, language","$0.19","Mon Sep 27 11:38:40 PDT 2021","2","BatchId:4564448;OriginalHitTemplateId:928390873;","5400","432000","Fri Oct 01 11:38:40 PDT 2021","","","358010RM5FPA2MVPRNF5IKRWH4KVX0","AKLZPOBB3YA33","Approved","Tue Sep 28 21:16:36 PDT 2021","Tue Sep 28 21:17:17 PDT 2021","Sun Oct 03 21:17:17 PDT 2021","Sun Oct 03 21:17:59 PDT 2021","","","41","100% (730/730)","100% (730/730)","0% (0/0)","Piața_Unirii","Nicio varianta de mai sus"
"3BFF0DJK8X8L7T781G41UAQVZIOTS2","3OT7QPGUONVUGYHKVRFIB61LMVWIVU","classify Romanian noun compounds by meaning relations","Label each noun compound with one semantic relation (meaning) from the list in Romanian","categorize, text, Romanian, language","$0.19","Mon Sep 27 11:38:40 PDT 2021","2","BatchId:4564448;OriginalHitTemplateId:928390873;","5400","432000","Fri Oct 01 11:38:40 PDT 2021","","","3WI0P0II62O4B99RR39JNGZ1GU1DRL","A2IMYZYM05TXG7","Approved","Thu Sep 30 04:01:21 PDT 2021","Thu Sep 30 04:01:28 PDT 2021","Tue Oct 05 04:01:28 PDT 2021","Tue Oct 05 04:01:30 PDT 2021","","","7","100% (23/23)","100% (23/23)","0% (0/0)","dispozitiv_de_administrare","Entitate + scopul ei"
"3BFF0DJK8X8L7T781G41UAQVZIOTS2","3OT7QPGUONVUGYHKVRFIB61LMVWIVU","classify Romanian noun compounds by meaning relations","Label each noun compound with one semantic relation (meaning) from the list in Romanian","categorize, text, Romanian, language","$0.19","Mon Sep 27 11:38:40 PDT 2021","2","BatchId:4564448;OriginalHitTemplateId:928390873;","5400","432000","Fri Oct 01 11:38:40 PDT 2021","","","31QNSG6A5SPICVTL1H0XW7U04D687F","AKLZPOBB3YA33","Approved","Tue Sep 28 21:25:13 PDT 2021","Tue Sep 28 21:25:44 PDT 2021","Sun Oct 03 21:25:44 PDT 2021","Sun Oct 03 21:26:02 PDT 2021","","","31","100% (730/730)","100% (730/730)","0% (0/0)","dispozitiv_de_administrare","Entitate + scopul ei"
"3TTPFEFXCTGQFMIGU9K9FMRF6ZX6HK","3OT7QPGUONVUGYHKVRFIB61LMVWIVU","classify Romanian noun compounds by meaning relations","Label each noun compound with one semantic relation (meaning) from the list in Romanian","categorize, text, Romanian, language","$0.19","Mon Sep 27 11:38:40 PDT 2021","2","BatchId:4564448;OriginalHitTemplateId:928390873;","5400","432000","Fri Oct 01 11:38:40 PDT 2021","","","3A1PQ49WVIDXUKFCF5DU8AWM4E31H5","A3UJD7YC17R990","Approved","Wed Sep 29 10:56:07 PDT 2021","Wed Sep 29 10:56:35 PDT 2021","Mon Oct 04 10:56:35 PDT 2021","Mon Oct 04 10:57:11 PDT 2021","","","28","100% (328/328)","100% (328/328)","0% (0/0)","Respectarea_măsurilor","Activitate + cine face activitatea"
"3TTPFEFXCTGQFMIGU9K9FMRF6ZX6HK","3OT7QPGUONVUGYHKVRFIB61LMVWIVU","classify Romanian noun compounds by meaning relations","Label each noun compound with one semantic relation (meaning) from the list in Romanian","categorize, text, Romanian, language","$0.19","Mon Sep 27 11:38:40 PDT 2021","2","BatchId:4564448;OriginalHitTemplateId:928390873;","5400","432000","Fri Oct 01 11:38:40 PDT 2021","","","3AUQQEL7U6P25WPEOBQY964L7AGV0C","AKLZPOBB3YA33","Approved","Thu Sep 30 00:48:32 PDT 2021","Thu Sep 30 00:54:42 PDT 2021","Tue Oct 05 00:54:42 PDT 2021","Tue Oct 05 00:55:28 PDT 2021","","","370","100% (730/730)","100% (730/730)","0% (0/0)","Respectarea_măsurilor","Proces + scopul procesului/entitatea care sufera procesul"
"3VGET1QSZ0VRGCRA8IB1M31YGYTW78","3OT7QPGUONVUGYHKVRFIB61LMVWIVU","classify Romanian noun compounds by meaning relations","Label each noun compound with one semantic relation (meaning) from the list in Romanian","categorize, text, Romanian, language","$0.19","Mon Sep 27 11:38:40 PDT 2021","2","BatchId:4564448;OriginalHitTemplateId:928390873;","5400","432000","Fri Oct 01 11:38:40 PDT 2021","","","3IGI0VL648GA088OO56IPQ6QJYHNOC","A1DXFMUVK5015A","Approved","Wed Sep 29 01:44:50 PDT 2021","Wed Sep 29 01:45:25 PDT 2021","Mon Oct 04 01:45:25 PDT 2021","Mon Oct 04 01:46:01 PDT 2021","","","35","100% (759/759)","100% (759/759)","0% (0/0)","eficacitatea_tratamentului","Nicio varianta de mai sus"
"3VGET1QSZ0VRGCRA8IB1M31YGYTW78","3OT7QPGUONVUGYHKVRFIB61LMVWIVU","classify Romanian noun compounds by meaning relations","Label each noun compound with one semantic relation (meaning) from the list in Romanian","categorize, text, Romanian, language","$0.19","Mon Sep 27 11:38:40 PDT 2021","2","BatchId:4564448;OriginalHitTemplateId:928390873;","5400","432000","Fri Oct 01 11:38:40 PDT 2021","","","3O6CYIULEEXV071ZCS9EKFB6UYAWUU","A3UJD7YC17R990","Approved","Wed Sep 29 08:14:49 PDT 2021","Wed Sep 29 08:42:08 PDT 2021","Mon Oct 04 08:42:08 PDT 2021","Mon Oct 04 08:42:11 PDT 2021","","","1639","100% (328/328)","100% (328/328)","0% (0/0)","eficacitatea_tratamentului","Cine experimenteaza + sentimentul/senzatia/gandul experimentat"
"3DA79LNS59RHNCMTB130M2IJ72Q3TL","3OT7QPGUONVUGYHKVRFIB61LMVWIVU","classify Romanian noun compounds by meaning relations","Label each noun compound with one semantic relation (meaning) from the list in Romanian","categorize, text, Romanian, language","$0.19","Mon Sep 27 11:38:40 PDT 2021","2","BatchId:4564448;OriginalHitTemplateId:928390873;","5400","432000","Fri Oct 01 11:38:40 PDT 2021","","","3J2UYBXQQM8HQ6ADN3IQXEOMQHH60O","A1DXFMUVK5015A","Approved","Wed Sep 29 23:07:58 PDT 2021","Wed Sep 29 23:08:48 PDT 2021","Mon Oct 04 23:08:48 PDT 2021","Mon Oct 04 23:09:28 PDT 2021","","","50","100% (759/759)","100% (759/759)","0% (0/0)","cererii_de_autorizație","Entitate/proces/rezultat + cauza/sursa"
"3DA79LNS59RHNCMTB130M2IJ72Q3TL","3OT7QPGUONVUGYHKVRFIB61LMVWIVU","classify Romanian noun compounds by meaning relations","Label each noun compound with one semantic relation (meaning) from the list in Romanian","categorize, text, Romanian, language","$0.19","Mon Sep 27 11:38:40 PDT 2021","2","BatchId:4564448;OriginalHitTemplateId:928390873;","5400","432000","Fri Oct 01 11:38:40 PDT 2021","","","31Z0PCVWULB1AFL94FBSN3QNIQ0T7Y","AKLZPOBB3YA33","Approved","Tue Sep 28 22:12:28 PDT 2021","Tue Sep 28 22:15:49 PDT 2021","Sun Oct 03 22:15:49 PDT 2021","Sun Oct 03 22:16:00 PDT 2021","","","201","100% (730/730)","100% (730/730)","0% (0/0)","cererii_de_autorizație","Entitate + scopul ei"
"32CAVSKPCEL0DMN3O2FR35POSWJ1UI","3OT7QPGUONVUGYHKVRFIB61LMVWIVU","classify Romanian noun compounds by meaning relations","Label each noun compound with one semantic relation (meaning) from the list in Romanian","categorize, text, Romanian, language","$0.19","Mon Sep 27 11:38:40 PDT 2021","2","BatchId:4564448;OriginalHitTemplateId:928390873;","5400","432000","Fri Oct 01 11:38:40 PDT 2021","","","3IX2EGZR7CFHEV9J1ZVUQEUELD4RJH","A3UJD7YC17R990","Approved","Wed Sep 29 23:53:19 PDT 2021","Wed Sep 29 23:53:43 PDT 2021","Mon Oct 04 23:53:43 PDT 2021","Mon Oct 04 23:54:29 PDT 2021","","","24","100% (328/328)","100% (328/328)","0% (0/0)","caietul_de_cuvinte","Entitate (intreg) + substanta/material/ingredient"
"32CAVSKPCEL0DMN3O2FR35POSWJ1UI","3OT7QPGUONVUGYHKVRFIB61LMVWIVU","classify Romanian noun compounds by meaning relations","Label each noun compound with one semantic relation (meaning) from the list in Romanian","categorize, text, Romanian, language","$0.19","Mon Sep 27 11:38:40 PDT 2021","2","BatchId:4564448;OriginalHitTemplateId:928390873;","5400","432000","Fri Oct 01 11:38:40 PDT 2021","","","3NQL1CS15S4Z2RLZWJ171YY5JN2YVN","AKLZPOBB3YA33","Approved","Wed Sep 29 19:37:12 PDT 2021","Wed Sep 29 19:37:30 PDT 2021","Mon Oct 04 19:37:30 PDT 2021","Mon Oct 04 19:38:20 PDT 2021","","","18","100% (730/730)","100% (730/730)","0% (0/0)","caietul_de_cuvinte","Entitate + scopul ei"
"37AQKJ12TXKMMTKNQG9R4FMH112TTR","3OT7QPGUONVUGYHKVRFIB61LMVWIVU","classify Romanian noun compounds by meaning relations","Label each noun compound with one semantic relation (meaning) from the list in Romanian","categorize, text, Romanian, language","$0.19","Mon Sep 27 11:38:40 PDT 2021","2","BatchId:4564448;OriginalHitTemplateId:928390873;","5400","432000","Fri Oct 01 11:38:40 PDT 2021","","","3WYP994K18NEN16YVBTZP6I62US6YL","A1DXFMUVK5015A","Approved","Wed Sep 29 22:38:13 PDT 2021","Wed Sep 29 22:38:34 PDT 2021","Mon Oct 04 22:38:34 PDT 2021","Mon Oct 04 22:39:24 PDT 2021","","","21","100% (759/759)","100% (759/759)","0% (0/0)","moartea_prin_înfometare","Nicio varianta de mai sus"
"37AQKJ12TXKMMTKNQG9R4FMH112TTR","3OT7QPGUONVUGYHKVRFIB61LMVWIVU","classify Romanian noun compounds by meaning relations","Label each noun compound with one semantic relation (meaning) from the list in Romanian","categorize, text, Romanian, language","$0.19","Mon Sep 27 11:38:40 PDT 2021","2","BatchId:4564448;OriginalHitTemplateId:928390873;","5400","432000","Fri Oct 01 11:38:40 PDT 2021","","","34Q075JO1Y9MJK9GHX692IX5ITW01P","AKLZPOBB3YA33","Approved","Tue Sep 28 21:35:19 PDT 2021","Tue Sep 28 21:35:35 PDT 2021","Sun Oct 03 21:35:35 PDT 2021","Sun Oct 03 21:36:05 PDT 2021","","","16","100% (730/730)","100% (730/730)","0% (0/0)","moartea_prin_înfometare","Proces + scopul procesului/entitatea care sufera procesul"
"39WICJI5ATOD9OVSHTSI8QJ0SYBZ3W","3OT7QPGUONVUGYHKVRFIB61LMVWIVU","classify Romanian noun compounds by meaning relations","Label each noun compound with one semantic relation (meaning) from the list in Romanian","categorize, text, Romanian, language","$0.19","Mon Sep 27 11:38:40 PDT 2021","2","BatchId:4564448;OriginalHitTemplateId:928390873;","5400","432000","Fri Oct 01 11:38:40 PDT 2021","","","3YJ6NA41JCCW2IT4O7R5LJUZL7RJPH","A3UJD7YC17R990","Approved","Fri Oct 01 06:54:04 PDT 2021","Fri Oct 01 06:54:15 PDT 2021","Wed Oct 06 06:54:15 PDT 2021","Wed Oct 06 06:55:11 PDT 2021","","","11","100% (328/328)","100% (328/328)","0% (0/0)","membru_de_parlament","Entitate + scopul ei"
"39WICJI5ATOD9OVSHTSI8QJ0SYBZ3W","3OT7QPGUONVUGYHKVRFIB61LMVWIVU","classify Romanian noun compounds by meaning relations","Label each noun compound with one semantic relation (meaning) from the list in Romanian","categorize, text, Romanian, language","$0.19","Mon Sep 27 11:38:40 PDT 2021","2","BatchId:4564448;OriginalHitTemplateId:928390873;","5400","432000","Fri Oct 01 11:38:40 PDT 2021","","","3SB5N7Y3O40JNZZJZGRC951BKVO0GO","AKLZPOBB3YA33","Approved","Wed Sep 29 23:57:28 PDT 2021","Thu Sep 30 00:36:15 PDT 2021","Tue Oct 05 00:36:15 PDT 2021","Tue Oct 05 00:36:29 PDT 2021","","","2327","100% (730/730)","100% (730/730)","0% (0/0)","membru_de_parlament","Parte/membru (detasabil) + entitatea din care face parte"
"3S4TINXCC0J6DFLYUDW7ABA8WMMBOY","3OT7QPGUONVUGYHKVRFIB61LMVWIVU","classify Romanian noun compounds by meaning relations","Label each noun compound with one semantic relation (meaning) from the list in Romanian","categorize, text, Romanian, language","$0.19","Mon Sep 27 11:38:40 PDT 2021","2","BatchId:4564448;OriginalHitTemplateId:928390873;","5400","432000","Fri Oct 01 11:38:40 PDT 2021","","","3FFJ6VRIL2KXJQ5EP4RFUHER0KDI0K","A3UJD7YC17R990","Approved","Fri Oct 01 08:17:51 PDT 2021","Fri Oct 01 08:18:14 PDT 2021","Wed Oct 06 08:18:14 PDT 2021","Wed Oct 06 08:19:11 PDT 2021","","","23","100% (328/328)","100% (328/328)","0% (0/0)","moarte_prin_sufocare","Ce/cine este cauza + rezultat"
"3S4TINXCC0J6DFLYUDW7ABA8WMMBOY","3OT7QPGUONVUGYHKVRFIB61LMVWIVU","classify Romanian noun compounds by meaning relations","Label each noun compound with one semantic relation (meaning) from the list in Romanian","categorize, text, Romanian, language","$0.19","Mon Sep 27 11:38:40 PDT 2021","2","BatchId:4564448;OriginalHitTemplateId:928390873;","5400","432000","Fri Oct 01 11:38:40 PDT 2021","","","3S4AW7T80CEG8FVLT8BUY0WWXOT4LH","AKLZPOBB3YA33","Approved","Thu Sep 30 00:25:40 PDT 2021","Thu Sep 30 00:40:41 PDT 2021","Tue Oct 05 00:40:41 PDT 2021","Tue Oct 05 00:41:29 PDT 2021","","","901","100% (730/730)","100% (730/730)","0% (0/0)","moarte_prin_sufocare","Entitate/proces/rezultat + cauza/sursa"
"3XT3KXP24ZUQBHT00R2UFYSU6CC6ID","3OT7QPGUONVUGYHKVRFIB61LMVWIVU","classify Romanian noun compounds by meaning relations","Label each noun compound with one semantic relation (meaning) from the list in Romanian","categorize, text, Romanian, language","$0.19","Mon Sep 27 11:38:40 PDT 2021","2","BatchId:4564448;OriginalHitTemplateId:928390873;","5400","432000","Fri Oct 01 11:38:40 PDT 2021","","","3RWE2M8QWI6PXRG5MK47ZPA8LXA0NC","A3UJD7YC17R990","Approved","Wed Sep 29 08:43:56 PDT 2021","Wed Sep 29 08:44:14 PDT 2021","Mon Oct 04 08:44:14 PDT 2021","Mon Oct 04 08:45:11 PDT 2021","","","18","100% (328/328)","100% (328/328)","0% (0/0)","forma_raportului","Ce/cine este cauza + rezultat"
"3XT3KXP24ZUQBHT00R2UFYSU6CC6ID","3OT7QPGUONVUGYHKVRFIB61LMVWIVU","classify Romanian noun compounds by meaning relations","Label each noun compound with one semantic relation (meaning) from the list in Romanian","categorize, text, Romanian, language","$0.19","Mon Sep 27 11:38:40 PDT 2021","2","BatchId:4564448;OriginalHitTemplateId:928390873;","5400","432000","Fri Oct 01 11:38:40 PDT 2021","","","3RXCAC0YISL15O4MUK4R2K7T3TFG86","AKLZPOBB3YA33","Approved","Wed Sep 29 20:25:52 PDT 2021","Wed Sep 29 20:26:14 PDT 2021","Mon Oct 04 20:26:14 PDT 2021","Mon Oct 04 20:26:22 PDT 2021","","","22","100% (730/730)","100% (730/730)","0% (0/0)","forma_raportului","Entitate + atribut al entitatii"
"3X7837UUADUM6SD6I9NURZ7UJR16JP","3OT7QPGUONVUGYHKVRFIB61LMVWIVU","classify Romanian noun compounds by meaning relations","Label each noun compound with one semantic relation (meaning) from the list in Romanian","categorize, text, Romanian, language","$0.19","Mon Sep 27 11:38:40 PDT 2021","2","BatchId:4564448;OriginalHitTemplateId:928390873;","5400","432000","Fri Oct 01 11:38:40 PDT 2021","","","3K772S5NP97WEL9ORT89FUFGTK5EHT","A1DXFMUVK5015A","Approved","Wed Sep 29 02:02:59 PDT 2021","Wed Sep 29 02:03:29 PDT 2021","Mon Oct 04 02:03:29 PDT 2021","Mon Oct 04 02:04:01 PDT 2021","","","30","100% (759/759)","100% (759/759)","0% (0/0)","planul_studiului","Nicio varianta de mai sus"
"3X7837UUADUM6SD6I9NURZ7UJR16JP","3OT7QPGUONVUGYHKVRFIB61LMVWIVU","classify Romanian noun compounds by meaning relations","Label each noun compound with one semantic relation (meaning) from the list in Romanian","categorize, text, Romanian, language","$0.19","Mon Sep 27 11:38:40 PDT 2021","2","BatchId:4564448;OriginalHitTemplateId:928390873;","5400","432000","Fri Oct 01 11:38:40 PDT 2021","","","3KXIR214I5CA7T9DJ2TPJ4XNROD423","AKLZPOBB3YA33","Approved","Wed Sep 29 20:00:56 PDT 2021","Wed Sep 29 20:01:49 PDT 2021","Mon Oct 04 20:01:49 PDT 2021","Mon Oct 04 20:02:20 PDT 2021","","","53","100% (730/730)","100% (730/730)","0% (0/0)","planul_studiului","Proces + scopul procesului/entitatea care sufera procesul"
"3X2LT8FDHWEVGQWTIN3703XTRIZW8V","3OT7QPGUONVUGYHKVRFIB61LMVWIVU","classify Romanian noun compounds by meaning relations","Label each noun compound with one semantic relation (meaning) from the list in Romanian","categorize, text, Romanian, language","$0.19","Mon Sep 27 11:38:41 PDT 2021","2","BatchId:4564448;OriginalHitTemplateId:928390873;","5400","432000","Fri Oct 01 11:38:41 PDT 2021","","","3WJEQKOXA9YIKX7Y9Z32RO9IRGA1AL","A1DXFMUVK5015A","Approved","Wed Sep 29 01:54:17 PDT 2021","Wed Sep 29 01:54:47 PDT 2021","Mon Oct 04 01:54:47 PDT 2021","Mon Oct 04 01:55:02 PDT 2021","","","30","100% (759/759)","100% (759/759)","0% (0/0)","suplimentarea_măsurilor","Proces + scopul procesului/entitatea care sufera procesul"
"3X2LT8FDHWEVGQWTIN3703XTRIZW8V","3OT7QPGUONVUGYHKVRFIB61LMVWIVU","classify Romanian noun compounds by meaning relations","Label each noun compound with one semantic relation (meaning) from the list in Romanian","categorize, text, Romanian, language","$0.19","Mon Sep 27 11:38:41 PDT 2021","2","BatchId:4564448;OriginalHitTemplateId:928390873;","5400","432000","Fri Oct 01 11:38:41 PDT 2021","","","37Q970SNZF4MKTTSQZPTCO3ODLF1SD","AKLZPOBB3YA33","Approved","Tue Sep 28 21:34:11 PDT 2021","Tue Sep 28 21:34:25 PDT 2021","Sun Oct 03 21:34:25 PDT 2021","Sun Oct 03 21:35:01 PDT 2021","","","14","100% (730/730)","100% (730/730)","0% (0/0)","suplimentarea_măsurilor","Proces + scopul procesului/entitatea care sufera procesul"
"32LAQ1JNT9L1M6ZCQLZ19B8JKF9TUI","3OT7QPGUONVUGYHKVRFIB61LMVWIVU","classify Romanian noun compounds by meaning relations","Label each noun compound with one semantic relation (meaning) from the list in Romanian","categorize, text, Romanian, language","$0.19","Mon Sep 27 11:38:41 PDT 2021","2","BatchId:4564448;OriginalHitTemplateId:928390873;","5400","432000","Fri Oct 01 11:38:41 PDT 2021","","","3WJEQKOXA9YIKX7Y9Z32RO9IRG7A1R","A1DXFMUVK5015A","Approved","Wed Sep 29 01:30:10 PDT 2021","Wed Sep 29 01:30:53 PDT 2021","Mon Oct 04 01:30:53 PDT 2021","Mon Oct 04 01:31:01 PDT 2021","","","43","100% (759/759)","100% (759/759)","0% (0/0)","săptămâni_de_concediu","Nicio varianta de mai sus"
"32LAQ1JNT9L1M6ZCQLZ19B8JKF9TUI","3OT7QPGUONVUGYHKVRFIB61LMVWIVU","classify Romanian noun compounds by meaning relations","Label each noun compound with one semantic relation (meaning) from the list in Romanian","categorize, text, Romanian, language","$0.19","Mon Sep 27 11:38:41 PDT 2021","2","BatchId:4564448;OriginalHitTemplateId:928390873;","5400","432000","Fri Oct 01 11:38:41 PDT 2021","","","3HVVDCPGTFOKPZHARO1S0GAKM2NTY3","AKLZPOBB3YA33","Approved","Wed Sep 29 19:49:55 PDT 2021","Wed Sep 29 19:50:24 PDT 2021","Mon Oct 04 19:50:24 PDT 2021","Mon Oct 04 19:51:20 PDT 2021","","","29","100% (730/730)","100% (730/730)","0% (0/0)","săptămâni_de_concediu","Eveniment + durata evenimentului"
"3YOAVL4CA0DYRKEWH7X1IVB66Y7Z4H","3OT7QPGUONVUGYHKVRFIB61LMVWIVU","classify Romanian noun compounds by meaning relations","Label each noun compound with one semantic relation (meaning) from the list in Romanian","categorize, text, Romanian, language","$0.19","Mon Sep 27 11:38:41 PDT 2021","2","BatchId:4564448;OriginalHitTemplateId:928390873;","5400","432000","Fri Oct 01 11:38:41 PDT 2021","","","3FDJT1UU754NKSH3MDI3OSPV9WE5K4","A3UJD7YC17R990","Approved","Fri Oct 01 08:22:49 PDT 2021","Fri Oct 01 08:23:05 PDT 2021","Wed Oct 06 08:23:05 PDT 2021","Wed Oct 06 08:23:12 PDT 2021","","","16","100% (328/328)","100% (328/328)","0% (0/0)","începerii_muncii","Activitate + cine face activitatea"
"3YOAVL4CA0DYRKEWH7X1IVB66Y7Z4H","3OT7QPGUONVUGYHKVRFIB61LMVWIVU","classify Romanian noun compounds by meaning relations","Label each noun compound with one semantic relation (meaning) from the list in Romanian","categorize, text, Romanian, language","$0.19","Mon Sep 27 11:38:41 PDT 2021","2","BatchId:4564448;OriginalHitTemplateId:928390873;","5400","432000","Fri Oct 01 11:38:41 PDT 2021","","","3DIP6YHAPDO3LA8VOPE32HMHQD18EI","AKLZPOBB3YA33","Approved","Wed Sep 29 20:39:34 PDT 2021","Wed Sep 29 20:42:17 PDT 2021","Mon Oct 04 20:42:17 PDT 2021","Mon Oct 04 20:42:22 PDT 2021","","","163","100% (730/730)","100% (730/730)","0% (0/0)","începerii_muncii","Proces + scopul procesului/entitatea care sufera procesul"
"3DWGDA5POF00Q1C3TSPWZRR763S1V7","3OT7QPGUONVUGYHKVRFIB61LMVWIVU","classify Romanian noun compounds by meaning relations","Label each noun compound with one semantic relation (meaning) from the list in Romanian","categorize, text, Romanian, language","$0.19","Mon Sep 27 11:38:41 PDT 2021","2","BatchId:4564448;OriginalHitTemplateId:928390873;","5400","432000","Fri Oct 01 11:38:41 PDT 2021","","","3CCZ6YKWR8F33WYCIGREYJBFXQX95K","A1DXFMUVK5015A","Approved","Wed Sep 29 22:45:34 PDT 2021","Wed Sep 29 22:45:48 PDT 2021","Mon Oct 04 22:45:48 PDT 2021","Mon Oct 04 22:46:28 PDT 2021","","","14","100% (759/759)","100% (759/759)","0% (0/0)","masa_fetei","Posesor + ce posedeaza/detine"
"3DWGDA5POF00Q1C3TSPWZRR763S1V7","3OT7QPGUONVUGYHKVRFIB61LMVWIVU","classify Romanian noun compounds by meaning relations","Label each noun compound with one semantic relation (meaning) from the list in Romanian","categorize, text, Romanian, language","$0.19","Mon Sep 27 11:38:41 PDT 2021","2","BatchId:4564448;OriginalHitTemplateId:928390873;","5400","432000","Fri Oct 01 11:38:41 PDT 2021","","","3UN61F00HXL97WUYCXR0P4B93CAR5W","AKLZPOBB3YA33","Approved","Thu Sep 30 00:01:59 PDT 2021","Thu Sep 30 00:03:18 PDT 2021","Tue Oct 05 00:03:18 PDT 2021","Tue Oct 05 00:03:29 PDT 2021","","","79","100% (730/730)","100% (730/730)","0% (0/0)","masa_fetei","Posesor + ce posedeaza/detine"
"3J9L0X0VDFIVUVF3NF9L0ZS4BOHW9K","3OT7QPGUONVUGYHKVRFIB61LMVWIVU","classify Romanian noun compounds by meaning relations","Label each noun compound with one semantic relation (meaning) from the list in Romanian","categorize, text, Romanian, language","$0.19","Mon Sep 27 11:38:41 PDT 2021","2","BatchId:4564448;OriginalHitTemplateId:928390873;","5400","432000","Fri Oct 01 11:38:41 PDT 2021","","","326O153BMJUF254M5XPJO90I1V4EDI","A3UJD7YC17R990","Approved","Wed Sep 29 10:22:53 PDT 2021","Wed Sep 29 10:23:08 PDT 2021","Mon Oct 04 10:23:08 PDT 2021","Mon Oct 04 10:23:12 PDT 2021","","","15","100% (328/328)","100% (328/328)","0% (0/0)","terenul_de_joacă","Posesor + ce posedeaza/detine"
"3J9L0X0VDFIVUVF3NF9L0ZS4BOHW9K","3OT7QPGUONVUGYHKVRFIB61LMVWIVU","classify Romanian noun compounds by meaning relations","Label each noun compound with one semantic relation (meaning) from the list in Romanian","categorize, text, Romanian, language","$0.19","Mon Sep 27 11:38:41 PDT 2021","2","BatchId:4564448;OriginalHitTemplateId:928390873;","5400","432000","Fri Oct 01 11:38:41 PDT 2021","","","354GIDR5ZC2MCVOYLE29ODEVDEG002","AKLZPOBB3YA33","Approved","Wed Sep 29 20:47:22 PDT 2021","Wed Sep 29 20:47:59 PDT 2021","Mon Oct 04 20:47:59 PDT 2021","Mon Oct 04 20:48:22 PDT 2021","","","37","100% (730/730)","100% (730/730)","0% (0/0)","terenul_de_joacă","Entitate + locatia unde se afla entitatea / locatia + ce se afla in locatie"
"38LRF35D5LSWNP1IB6TARY4LQGX3UC","3OT7QPGUONVUGYHKVRFIB61LMVWIVU","classify Romanian noun compounds by meaning relations","Label each noun compound with one semantic relation (meaning) from the list in Romanian","categorize, text, Romanian, language","$0.19","Mon Sep 27 11:38:41 PDT 2021","2","BatchId:4564448;OriginalHitTemplateId:928390873;","5400","432000","Fri Oct 01 11:38:41 PDT 2021","","","3WOKGM4L72C7FCGHNZ4KEEADCTJ0O4","A3UJD7YC17R990","Approved","Fri Oct 01 08:50:41 PDT 2021","Fri Oct 01 08:51:02 PDT 2021","Wed Oct 06 08:51:02 PDT 2021","Wed Oct 06 08:51:13 PDT 2021","","","21","100% (328/328)","100% (328/328)","0% (0/0)","șiruri_de_tufișuri","Ce/cine este cauza + rezultat"
"38LRF35D5LSWNP1IB6TARY4LQGX3UC","3OT7QPGUONVUGYHKVRFIB61LMVWIVU","classify Romanian noun compounds by meaning relations","Label each noun compound with one semantic relation (meaning) from the list in Romanian","categorize, text, Romanian, language","$0.19","Mon Sep 27 11:38:41 PDT 2021","2","BatchId:4564448;OriginalHitTemplateId:928390873;","5400","432000","Fri Oct 01 11:38:41 PDT 2021","","","358010RM5FPA2MVPRNF5IKRWHH9VXF","AKLZPOBB3YA33","Approved","Wed Sep 29 19:47:12 PDT 2021","Wed Sep 29 19:47:52 PDT 2021","Mon Oct 04 19:47:52 PDT 2021","Mon Oct 04 19:48:20 PDT 2021","","","40","100% (730/730)","100% (730/730)","0% (0/0)","șiruri_de_tufișuri","Nicio varianta de mai sus"
"371DNNCG44Y3O9SZNIYWDJQUNOI8TI","3OT7QPGUONVUGYHKVRFIB61LMVWIVU","classify Romanian noun compounds by meaning relations","Label each noun compound with one semantic relation (meaning) from the list in Romanian","categorize, text, Romanian, language","$0.19","Mon Sep 27 11:38:41 PDT 2021","2","BatchId:4564448;OriginalHitTemplateId:928390873;","5400","432000","Fri Oct 01 11:38:41 PDT 2021","","","333U7HK6IABNDLQEJY0ALPDA6C7JDX","A1DXFMUVK5015A","Approved","Wed Sep 29 22:46:35 PDT 2021","Wed Sep 29 22:46:49 PDT 2021","Mon Oct 04 22:46:49 PDT 2021","Mon Oct 04 22:47:28 PDT 2021","","","14","100% (759/759)","100% (759/759)","0% (0/0)","perioada_fazei","Eveniment + cand se petrece evenimentul"
"371DNNCG44Y3O9SZNIYWDJQUNOI8TI","3OT7QPGUONVUGYHKVRFIB61LMVWIVU","classify Romanian noun compounds by meaning relations","Label each noun compound with one semantic relation (meaning) from the list in Romanian","categorize, text, Romanian, language","$0.19","Mon Sep 27 11:38:41 PDT 2021","2","BatchId:4564448;OriginalHitTemplateId:928390873;","5400","432000","Fri Oct 01 11:38:41 PDT 2021","","","33L7PJKHCHU5ATQSEK3Y13MITNOT8T","AKLZPOBB3YA33","Approved","Wed Sep 29 20:44:11 PDT 2021","Wed Sep 29 20:44:28 PDT 2021","Mon Oct 04 20:44:28 PDT 2021","Mon Oct 04 20:45:22 PDT 2021","","","17","100% (730/730)","100% (730/730)","0% (0/0)","perioada_fazei","Data evenimentului + eveniment"
"3X2YVV51PU0D5QC8J2USLTALDCU1WH","3OT7QPGUONVUGYHKVRFIB61LMVWIVU","classify Romanian noun compounds by meaning relations","Label each noun compound with one semantic relation (meaning) from the list in Romanian","categorize, text, Romanian, language","$0.19","Mon Sep 27 11:38:41 PDT 2021","2","BatchId:4564448;OriginalHitTemplateId:928390873;","5400","432000","Fri Oct 01 11:38:41 PDT 2021","","","3HWRJOOET6YL4UN42NK8J8MI3JWES1","A3UJD7YC17R990","Approved","Fri Oct 01 08:52:51 PDT 2021","Fri Oct 01 08:53:32 PDT 2021","Wed Oct 06 08:53:32 PDT 2021","Wed Oct 06 08:54:12 PDT 2021","","","41","100% (328/328)","100% (328/328)","0% (0/0)","corpul_funcției","Entitate + scopul ei"
"3X2YVV51PU0D5QC8J2USLTALDCU1WH","3OT7QPGUONVUGYHKVRFIB61LMVWIVU","classify Romanian noun compounds by meaning relations","Label each noun compound with one semantic relation (meaning) from the list in Romanian","categorize, text, Romanian, language","$0.19","Mon Sep 27 11:38:41 PDT 2021","2","BatchId:4564448;OriginalHitTemplateId:928390873;","5400","432000","Fri Oct 01 11:38:41 PDT 2021","","","33NF62TLXKYVRRWOBFMXP280QLFKJM","AKLZPOBB3YA33","Approved","Thu Sep 30 00:41:40 PDT 2021","Thu Sep 30 00:49:20 PDT 2021","Tue Oct 05 00:49:20 PDT 2021","Tue Oct 05 00:49:30 PDT 2021","","","460","100% (730/730)","100% (730/730)","0% (0/0)","corpul_funcției","Posesor + ce posedeaza/detine"
"3Q9SPIIRWJI9ZEP8FLNLWU3OH6ZWAZ","3OT7QPGUONVUGYHKVRFIB61LMVWIVU","classify Romanian noun compounds by meaning relations","Label each noun compound with one semantic relation (meaning) from the list in Romanian","categorize, text, Romanian, language","$0.19","Mon Sep 27 11:38:41 PDT 2021","2","BatchId:4564448;OriginalHitTemplateId:928390873;","5400","432000","Fri Oct 01 11:38:41 PDT 2021","","","3TESA3PJ326GIN2CZOC5K7SLJBKMMU","A3UJD7YC17R990","Approved","Wed Sep 29 10:10:34 PDT 2021","Wed Sep 29 10:11:07 PDT 2021","Mon Oct 04 10:11:07 PDT 2021","Mon Oct 04 10:11:12 PDT 2021","","","33","100% (328/328)","100% (328/328)","0% (0/0)","curentului_de_aer","Entitate (intreg) + substanta/material/ingredient"
"3Q9SPIIRWJI9ZEP8FLNLWU3OH6ZWAZ","3OT7QPGUONVUGYHKVRFIB61LMVWIVU","classify Romanian noun compounds by meaning relations","Label each noun compound with one semantic relation (meaning) from the list in Romanian","categorize, text, Romanian, language","$0.19","Mon Sep 27 11:38:41 PDT 2021","2","BatchId:4564448;OriginalHitTemplateId:928390873;","5400","432000","Fri Oct 01 11:38:41 PDT 2021","","","32AT8R96GM52TQKQSNZDNQ8LOJMUSH","AKLZPOBB3YA33","Approved","Wed Sep 29 03:04:40 PDT 2021","Wed Sep 29 03:05:20 PDT 2021","Mon Oct 04 03:05:20 PDT 2021","Mon Oct 04 03:06:02 PDT 2021","","","40","100% (730/730)","100% (730/730)","0% (0/0)","curentului_de_aer","Nicio varianta de mai sus"
"3HY86PZXPYEJOQQHY20MZN3L68PE1E","3OT7QPGUONVUGYHKVRFIB61LMVWIVU","classify Romanian noun compounds by meaning relations","Label each noun compound with one semantic relation (meaning) from the list in Romanian","categorize, text, Romanian, language","$0.19","Mon Sep 27 11:38:41 PDT 2021","2","BatchId:4564448;OriginalHitTemplateId:928390873;","5400","432000","Fri Oct 01 11:38:41 PDT 2021","","","3MYYFCXHJ430MNHKIHEEL8RO1VXG4P","A1DXFMUVK5015A","Approved","Wed Sep 29 01:53:52 PDT 2021","Wed Sep 29 01:54:03 PDT 2021","Mon Oct 04 01:54:03 PDT 2021","Mon Oct 04 01:55:01 PDT 2021","","","11","100% (759/759)","100% (759/759)","0% (0/0)","pescuit_în_conformitate","Nicio varianta de mai sus"
"3HY86PZXPYEJOQQHY20MZN3L68PE1E","3OT7QPGUONVUGYHKVRFIB61LMVWIVU","classify Romanian noun compounds by meaning relations","Label each noun compound with one semantic relation (meaning) from the list in Romanian","categorize, text, Romanian, language","$0.19","Mon Sep 27 11:38:41 PDT 2021","2","BatchId:4564448;OriginalHitTemplateId:928390873;","5400","432000","Fri Oct 01 11:38:41 PDT 2021","","","3Z7EFSHGNAAE3DPP06K0SS37WAICXM","AKLZPOBB3YA33","Approved","Thu Sep 30 00:07:58 PDT 2021","Thu Sep 30 00:08:08 PDT 2021","Tue Oct 05 00:08:08 PDT 2021","Tue Oct 05 00:08:28 PDT 2021","","","10","100% (730/730)","100% (730/730)","0% (0/0)","pescuit_în_conformitate","Nicio varianta de mai sus"
"33IXYHIZB5EQDB8DH60046DQYE3E2V","3OT7QPGUONVUGYHKVRFIB61LMVWIVU","classify Romanian noun compounds by meaning relations","Label each noun compound with one semantic relation (meaning) from the list in Romanian","categorize, text, Romanian, language","$0.19","Mon Sep 27 11:38:41 PDT 2021","2","BatchId:4564448;OriginalHitTemplateId:928390873;","5400","432000","Fri Oct 01 11:38:41 PDT 2021","","","3LOZAJ85YE915VXN3DVUGFULK7T2X3","A1DXFMUVK5015A","Approved","Wed Sep 29 01:23:51 PDT 2021","Wed Sep 29 01:24:03 PDT 2021","Mon Oct 04 01:24:03 PDT 2021","Mon Oct 04 01:25:01 PDT 2021","","","12","100% (759/759)","100% (759/759)","0% (0/0)","lumina_zilei","Nicio varianta de mai sus"
"33IXYHIZB5EQDB8DH60046DQYE3E2V","3OT7QPGUONVUGYHKVRFIB61LMVWIVU","classify Romanian noun compounds by meaning relations","Label each noun compound with one semantic relation (meaning) from the list in Romanian","categorize, text, Romanian, language","$0.19","Mon Sep 27 11:38:41 PDT 2021","2","BatchId:4564448;OriginalHitTemplateId:928390873;","5400","432000","Fri Oct 01 11:38:41 PDT 2021","","","3ZR9AIQJUC53BJ6Z4FPB0G48UEU04S","A3VQ5NMIX4YLZI","Approved","Wed Sep 29 00:05:42 PDT 2021","Wed Sep 29 00:06:37 PDT 2021","Mon Oct 04 00:06:37 PDT 2021","Mon Oct 04 00:07:00 PDT 2021","","","55","100% (48/48)","100% (48/48)","0% (0/0)","lumina_zilei","Entitate + atribut al entitatii"
"3D5G8J4N5A01ZLOCVB965XA2YMITV7","3OT7QPGUONVUGYHKVRFIB61LMVWIVU","classify Romanian noun compounds by meaning relations","Label each noun compound with one semantic relation (meaning) from the list in Romanian","categorize, text, Romanian, language","$0.19","Mon Sep 27 11:38:41 PDT 2021","2","BatchId:4564448;OriginalHitTemplateId:928390873;","5400","432000","Fri Oct 01 11:38:41 PDT 2021","","","3PPTZCWALRG729ZN669G9I8Z8FHQZI","A3UJD7YC17R990","Approved","Wed Sep 29 08:52:53 PDT 2021","Wed Sep 29 08:53:08 PDT 2021","Mon Oct 04 08:53:08 PDT 2021","Mon Oct 04 08:53:11 PDT 2021","","","15","100% (328/328)","100% (328/328)","0% (0/0)","furnizarea_de_instalații","Activitate + cine face activitatea"
"3D5G8J4N5A01ZLOCVB965XA2YMITV7","3OT7QPGUONVUGYHKVRFIB61LMVWIVU","classify Romanian noun compounds by meaning relations","Label each noun compound with one semantic relation (meaning) from the list in Romanian","categorize, text, Romanian, language","$0.19","Mon Sep 27 11:38:41 PDT 2021","2","BatchId:4564448;OriginalHitTemplateId:928390873;","5400","432000","Fri Oct 01 11:38:41 PDT 2021","","","3PM8NZGV8ZCIXEZ85OLVCXSO0C4QX0","AKLZPOBB3YA33","Approved","Tue Sep 28 21:12:19 PDT 2021","Tue Sep 28 21:13:21 PDT 2021","Sun Oct 03 21:13:21 PDT 2021","Sun Oct 03 21:13:59 PDT 2021","","","62","100% (730/730)","100% (730/730)","0% (0/0)","furnizarea_de_instalații","Proces + scopul procesului/entitatea care sufera procesul"
"3QGHA0EA0JWEIOU0LZNHR5NUZOKWBU","3OT7QPGUONVUGYHKVRFIB61LMVWIVU","classify Romanian noun compounds by meaning relations","Label each noun compound with one semantic relation (meaning) from the list in Romanian","categorize, text, Romanian, language","$0.19","Mon Sep 27 11:38:41 PDT 2021","2","BatchId:4564448;OriginalHitTemplateId:928390873;","5400","432000","Fri Oct 01 11:38:41 PDT 2021","","","3NJM2BJS4X29U4NYEFAJYFH4URBCPW","A2K3ARNDZAY90X","Approved","Tue Sep 28 08:12:30 PDT 2021","Tue Sep 28 08:12:58 PDT 2021","Sun Oct 03 08:12:58 PDT 2021","Sun Oct 03 08:13:35 PDT 2021","","","28","100% (106/106)","100% (106/106)","0% (0/0)","examinarea_condițiilor","Nicio varianta de mai sus"
"3QGHA0EA0JWEIOU0LZNHR5NUZOKWBU","3OT7QPGUONVUGYHKVRFIB61LMVWIVU","classify Romanian noun compounds by meaning relations","Label each noun compound with one semantic relation (meaning) from the list in Romanian","categorize, text, Romanian, language","$0.19","Mon Sep 27 11:38:41 PDT 2021","2","BatchId:4564448;OriginalHitTemplateId:928390873;","5400","432000","Fri Oct 01 11:38:41 PDT 2021","","","3KJYX6QCMA7972Q0AJ04RBJH69LJVM","AKLZPOBB3YA33","Approved","Wed Sep 29 08:58:34 PDT 2021","Wed Sep 29 08:58:59 PDT 2021","Mon Oct 04 08:58:59 PDT 2021","Mon Oct 04 08:59:12 PDT 2021","","","25","100% (730/730)","100% (730/730)","0% (0/0)","examinarea_condițiilor","Proces + scopul procesului/entitatea care sufera procesul"